time,priceUsd,variation,hodl,perf,str2
2018-12-31 20:00:00,3770.2243963297406330,0,1000,1000,1000
2019-01-01 20:00:00,3894.4233672899393751,0.03294206336394854,1032.9420633639486,1032.9420633639486,1032.9420633639486
2019-01-02 20:00:00,3874.4132460382786451,-0.005138147387808472,1027.6346547993176,1032.9420633639486,1027.6346547993176
2019-01-03 20:00:00,3838.0316557789585846,-0.00939021935683321,1017.9849399720683,1032.9420633639486,1027.6346547993176
2019-01-04 20:00:00,3889.7828238289400730,0.013483778324771985,1031.711223240608,1046.8700251686805,1027.6346547993176
2019-01-05 20:00:00,3937.1202957448938773,0.012169695342877056,1044.2668345092734,1059.6101144385734,1040.140655472008
2019-01-06 20:00:00,4062.8349302499749455,0.03193060538204766,1077.610906715549,1093.4441068615379,1073.3529762837088
2019-01-07 20:00:00,4045.4329986329852588,-0.004283199272365964,1072.9952844640113,1093.4441068615379,1068.7555915966987
2019-01-08 20:00:00,4041.0149156772955680,-0.0010921162103495067,1071.8234489202196,1093.4441068615379,1068.7555915966987
2019-01-09 20:00:00,3833.9358039185510406,-0.0512443324461318,1016.8985717801922,1093.4441068615379,1068.7555915966987
2019-01-10 20:00:00,3669.1568633940030800,-0.04297905571505187,973.1932314070947,1093.4441068615379,1068.7555915966987
2019-01-11 20:00:00,3657.6885373223492276,-0.0031256025562902594,970.1514161552443,1093.4441068615379,1068.7555915966987
2019-01-12 20:00:00,3624.3223617111002840,-0.009122202525115721,961.3014984570483,1093.4441068615379,1068.7555915966987
2019-01-13 20:00:00,3608.5778129477985202,-0.004344135866509536,957.1254741390717,1093.4441068615379,1068.7555915966987
2019-01-14 20:00:00,3661.6545553982002471,0.014708493262902331,971.2033477271983,1109.527022140671,1068.7555915966987
2019-01-15 20:00:00,3632.1299168921829476,-0.008063196038657036,963.3723447410739,1109.527022140671,1060.1380057442436
2019-01-16 20:00:00,3626.8317398304971019,-0.0014586970132993084,961.967076379105,1109.527022140671,1060.1380057442436
2019-01-17 20:00:00,3638.7542173110704680,0.00328729820841665,965.1293490258419,1113.174368332744,1060.1380057442436
2019-01-18 20:00:00,3703.3825879264664745,0.01776112558191805,982.2711325966848,1132.9455980832743,1078.9672499984313
2019-01-19 20:00:00,3641.8453712579348665,-0.016616489171048993,965.9492349588579,1132.9455980832743,1061.0386023729159
2019-01-20 20:00:00,3566.5422058733912721,-0.02067720007522811,945.9761093651001,1132.9455980832743,1061.0386023729159
2019-01-21 20:00:00,3580.5116186959886397,0.003916794479423947,949.6813033679284,1137.3831131473346,1061.0386023729159
2019-01-22 20:00:00,3601.3298842477803961,0.005814327048427127,955.2030610574861,1143.9962305465315,1067.2078278181182
2019-01-23 20:00:00,3585.7419001287914891,-0.00432839662569385,951.0685633511525,1143.9962305465315,1062.5885290572762
2019-01-24 20:00:00,3594.8870826743788063,0.002550429674053925,953.4941968371832,1146.9139124799233,1062.5885290572762
2019-01-25 20:00:00,3613.1399236543145810,0.005077444871051991,958.3355110564919,1152.7373046423827,1067.9837637341768
2019-01-26 20:00:00,3590.7747111244749462,-0.006189965792196571,952.403447025605,1152.7373046423827,1061.3729807700408
2019-01-27 20:00:00,3476.0723846452406410,-0.03194361543314825,921.9802375766143,1152.7373046423827,1061.3729807700408
2019-01-28 20:00:00,3426.6453709423703192,-0.014219213017888472,908.870404180229,1152.7373046423827,1061.3729807700408
2019-01-29 20:00:00,3458.6495584382165128,0.009339801476755822,917.3590733233711,1163.5036422225933,1061.3729807700408
2019-01-30 20:00:00,3462.7295427985473761,0.001179646648610797,918.4412328797897,1164.8761653947874,1062.625025849732
2019-01-31 20:00:00,3455.2242220897180414,-0.002167457959411905,916.4505501193323,1164.8761653947874,1060.321830779584
2019-02-01 20:00:00,3477.0369629049545976,0.006312974039654208,922.2360786508624,1172.2299983863365,1060.321830779584
2019-02-02 20:00:00,3476.1060207948036461,-0.0002677400672132526,921.9891591011778,1172.2299983863365,1060.0379401413434
2019-02-03 20:00:00,3457.9623988848403391,-0.005219524894069474,917.176813733187,1172.2299983863365,1060.0379401413434
2019-02-04 20:00:00,3459.1958195135397693,0.00035669000596922956,917.5039615363524,1172.6481211114583,1060.0379401413434
2019-02-05 20:00:00,3401.5059448205459545,-0.016677250350373787,902.202518272351,1172.6481211114583,1042.3594220327116
2019-02-06 20:00:00,3401.0455879723382017,-0.00013533912792625759,902.0804149703151,1172.6481211114583,1042.3594220327116
2019-02-07 20:00:00,3489.1396239614008976,0.02590204503597478,925.446142504947,1203.0221055558386,1042.3594220327116
2019-02-08 20:00:00,3646.2566602906028478,0.045030309263123895,967.1192685083098,1257.1945630193925,1089.2971891701757
2019-02-09 20:00:00,3644.2876376783358204,-0.0005400120714788424,966.5970124287555,1257.1945630193925,1088.7089555385958
2019-02-10 20:00:00,3636.1744951675716129,-0.0022262629400825306,964.4451133219909,1257.1945630193925,1088.7089555385958
2019-02-11 20:00:00,3612.7996739333940563,-0.0064284102056274585,958.2452645127443,1257.1945630193925,1088.7089555385958
2019-02-12 20:00:00,3622.6806428808959680,0.002734989437359027,960.8660551895858,1260.6329768699557,1088.7089555385958
2019-02-13 20:00:00,3601.3993779166557955,-0.005874452390955561,955.2214932942894,1260.6329768699557,1082.3133866116773
2019-02-14 20:00:00,3594.2496157090359741,-0.0019852733499820625,953.3251175203221,1260.6329768699557,1082.3133866116773
2019-02-15 20:00:00,3619.8836136181786253,0.007131947040379896,960.124181770741,1269.6237444983487,1082.3133866116773
2019-02-16 20:00:00,3629.6801908138610748,0.0027063238052260027,962.7225886998403,1273.0597574617648,1085.2424770945793
2019-02-17 20:00:00,3790.5017836231987084,0.044307372648519125,1005.3782971945111,1329.4656905394565,1133.3267199412107
2019-02-18 20:00:00,3933.0527414547445914,0.037607410830786316,1043.1879718574614,1379.4634529490088,1175.9482035035473
2019-02-19 20:00:00,3947.6628202879330815,0.0037146918166637097,1047.0630936797625,1384.587734549065,1180.3164886719223
2019-02-20 20:00:00,3948.1354268506302432,0.0001197180671733356,1047.1884460495462,1384.753494716477,1180.457793880599
2019-02-21 20:00:00,3969.5719807353815720,0.005429538647272561,1052.8741961883495,1392.2720673329857,1186.8671350939476
2019-02-22 20:00:00,4012.3214270380478214,0.010769283567632012,1064.2128969681446,1407.2658400293878,1199.6488438288775
2019-02-23 20:00:00,4020.6218111388016267,0.0020687236184069643,1066.4144593231158,1410.177084110034,1202.1305857259008
2019-02-24 20:00:00,3829.2206340843995346,-0.047604869606024836,1015.6479380410594,1410.177084110034,1144.903315943005
2019-02-25 20:00:00,3836.7143999238369251,0.0019569950534410055,1017.6355560318434,1412.9367936881133,1144.903315943005
2019-02-26 20:00:00,3841.7387737545602156,0.0013095511698298019,1018.9682018647053,1414.7871067191832,1146.4026254197402
2019-02-27 20:00:00,3853.3931807202038343,0.003033628169948133,1022.0593725061634,1419.079044740606,1149.880384718316
2019-02-28 20:00:00,3850.8604214948369692,-0.0006572802479745056,1021.3875930683579,1419.079044740606,1149.1245910539074
2019-03-01 20:00:00,3852.6531885517261827,0.0004655497371139045,1021.8630997938023,1419.739696616829,1149.1245910539074
2019-03-02 20:00:00,3846.5067859342336934,-0.0015953687800802844,1020.2328513068753,1419.739696616829,1147.2913135569174
2019-03-03 20:00:00,3770.0752855877169779,-0.01987036669895102,999.9604504330913,1419.739696616829,1147.2913135569174
2019-03-04 20:00:00,3805.5653947734481401,0.00941363407818483,1009.3737122061252,1433.1046066070528,1147.2913135569174
2019-03-05 20:00:00,3870.4140911488379291,0.017040489296137933,1026.5739341447768,1457.5254103161863,1166.841718905136
2019-03-06 20:00:00,3897.5346250987739772,0.007007140143468737,1033.7672815689614,1467.7384951289387,1175.0179423547504
2019-03-07 20:00:00,3911.7655087630577794,0.003651252659217386,1037.541827104802,1473.097579212314,1179.3082297414014
2019-03-08 20:00:00,3936.8966056418522704,0.0064244896128093955,1044.207503795892,1482.5614793086181,1186.8846832136758
2019-03-09 20:00:00,3931.6064739662762610,-0.0013437314223581373,1042.8043693615793,1482.5614793086181,1185.289828970126
2019-03-10 20:00:00,3913.7078165770877495,-0.004552504811381068,1038.0569974527316,1482.5614793086181,1185.289828970126
2019-03-11 20:00:00,3894.6573149186553588,-0.004867635130487075,1033.0041147444829,1482.5614793086181,1185.289828970126
2019-03-12 20:00:00,3893.7148506214081467,-0.00024198901752845353,1032.754139093653,1482.5614793086181,1185.289828970126
2019-03-13 20:00:00,3880.4493934945394491,-0.003406889727621297,1029.2356596260165,1482.5614793086181,1185.289828970126
2019-03-14 20:00:00,3914.3759979426378990,0.008742957582432391,1038.2342233404538,1495.5234514355618,1185.289828970126
2019-03-15 20:00:00,4014.4270744804376553,0.025559904462521193,1064.7713908987557,1533.7488879757148,1215.5857237590005
2019-03-16 20:00:00,3996.5212879694229358,-0.0044603591443573174,1060.0221280887104,1533.7488879757148,1210.1637748602818
2019-03-17 20:00:00,4004.9245848501110935,0.0021026528511142685,1062.2509866385803,1536.9738294479102,1210.1637748602818
2019-03-18 20:00:00,4017.4688046288711707,0.003132198750062022,1065.578167851182,1541.7879369553852,1213.9542483232697
2019-03-19 20:00:00,4044.0253677982233029,0.006610272403049901,1072.621929807421,1551.9795752063967,1221.978816589526
2019-03-20 20:00:00,4038.4596888234205406,-0.001376272023197759,1071.1457102539587,1551.9795752063967,1220.2970413313135
2019-03-21 20:00:00,4002.0268150853261633,-0.009021477628939449,1061.482393191568,1551.9795752063967,1220.2970413313135
2019-03-22 20:00:00,4011.8192878787970288,0.0024468783558768393,1064.0797114846127,1555.7770804377321,1220.2970413313135
2019-03-23 20:00:00,4007.2919043542670992,-0.0011285113310584964,1062.8788854730528,1555.7770804377321,1218.919922292914
2019-03-24 20:00:00,3994.6666335678399008,-0.0031505742750380723,1059.5302065990004,1555.7770804377321,1218.919922292914
2019-03-25 20:00:00,3956.2031664290910029,-0.00962870513787911,1049.3283026549825,1555.7770804377321,1218.919922292914
2019-03-26 20:00:00,4026.5637027038454370,0.017784864253638046,1067.9904640752018,1583.4463646222384,1218.919922292914
2019-03-27 20:00:00,4038.8224714441160258,0.0030444740591186567,1071.2419333384648,1588.2671260033367,1222.6308923764777
2019-03-28 20:00:00,4081.1131181659901456,0.010471033827528613,1082.4589438599191,1604.8979248068695,1235.4331018091334
2019-03-29 20:00:00,4114.4430993694942299,0.008166884925375947,1091.2992614908671,1618.0049414757418,1245.5227417846088
2019-03-30 20:00:00,4124.3079735433767880,0.0023976207558671163,1093.91578325108,1621.8843037065196,1248.5090329622162
2019-03-31 20:00:00,4152.1009731140627759,0.006738827398189697,1101.2874929025645,1632.8139020890308,1256.9225198404292
2019-04-01 20:00:00,4661.1734558804283677,0.12260599779792024,1236.3119448322534,1833.006679772972,1411.0287595401412
2019-04-02 20:00:00,5040.7790072863788035,0.08143991100074795,1336.9970795885538,1982.2865806374593,1525.942816136586
2019-04-03 20:00:00,4980.1097969718292424,-0.012035681434725295,1320.9054086594679,1982.2865806374593,1507.5770545139585
2019-04-04 20:00:00,4991.2469306872158103,0.002236322926486249,1323.8593797085728,1986.7196135646052,1507.5770545139585
2019-04-05 20:00:00,5059.7876169633376363,0.0137321769946341,1342.0388510267373,2014.0015989367855,1528.2793694595935
2019-04-06 20:00:00,5152.8761372203967681,0.01839771296822286,1366.729296600131,2051.0546222715666,1556.3962146341678
2019-04-07 20:00:00,5249.1108836199311837,0.018675928517747273,1392.2542352465462,2089.3599717831057,1585.463359083968
2019-04-08 20:00:00,5222.4841136993358564,-0.00507262477607121,1385.1918519182445,2089.3599717831057,1577.4208983671256
2019-04-09 20:00:00,5274.7729297684069308,0.010012249904582883,1399.0607389054421,2110.2791659612303,1577.4208983671256
2019-04-10 20:00:00,5136.8077555531505605,-0.02615566130565432,1362.467380072593,2110.2791659612303,1536.1624116129742
2019-04-11 20:00:00,5054.3036316432362195,-0.016061361031220887,1340.5842995879855,2110.2791659612303,1536.1624116129742
2019-04-12 20:00:00,5092.8015099593050856,0.007616851127630484,1350.7953306219858,2126.352848206097,1536.1624116129742
2019-04-13 20:00:00,5097.3936198161940558,0.000901686399501063,1352.0133244001172,2128.2701516498646,1537.5475483669504
2019-04-14 20:00:00,5137.5690969911858515,0.007881572460641306,1362.6693153841293,2145.044267065913,1549.665840781086
2019-04-15 20:00:00,5112.3748783261708573,-0.004903918212948195,1355.9868965101914,2145.044267065913,1542.066406240496
2019-04-16 20:00:00,5230.4190442634072110,0.023089888505180373,1387.2964827650974,2194.5731000311416,1542.066406240496
2019-04-17 20:00:00,5275.7727081902595246,0.008671133907826188,1399.3259163370099,2213.602537252025,1555.4378705437678
2019-04-18 20:00:00,5277.4429670019020826,0.00031659036581490956,1399.7689294407573,2214.3033424890623,1555.9303071882055
2019-04-19 20:00:00,5326.3319279810081395,0.009263759226730289,1412.7360517761547,2234.816115508825,1570.3440709275696
2019-04-20 20:00:00,5302.1348159015757776,-0.004542922297485222,1406.3181016660797,2234.816115508825,1563.210119833029
2019-04-21 20:00:00,5330.2213192529925193,0.005297206564265876,1413.7676591456711,2246.6543981058253,1563.210119833029
2019-04-22 20:00:00,5546.4491242577181655,0.04056638403056567,1471.1191009365682,2337.7930432033454,1626.6239018746423
2019-04-23 20:00:00,5498.1443556655662205,-0.008709133990049281,1458.306927571191,2337.7930432033454,1612.4574163617995
2019-04-24 20:00:00,5434.7935855399441641,-0.011522209317829461,1441.504009902075,2337.7930432033454,1612.4574163617995
2019-04-25 20:00:00,5245.0196761250467435,-0.03491832880641857,1391.1690989085437,2337.7930432033454,1612.4574163617995
2019-04-26 20:00:00,5267.8588084362109304,0.004354441684008674,1397.2268636223357,2347.9728266792554,1612.4574163617995
2019-04-27 20:00:00,5280.7890374631914954,0.0024545511748100685,1400.656428461916,2353.736046139403,1616.4152756074614
2019-04-28 20:00:00,5184.3719038463178148,-0.018258092291297264,1375.0831141226595,2353.736046139403,1586.9026163243577
2019-04-29 20:00:00,5222.7384130514299600,0.007400416080614901,1385.259301312595,2371.154672224776,1586.9026163243577
2019-04-30 20:00:00,5318.0156513235831634,0.018242774333491207,1410.5302741398102,2414.4111118199758,1615.8521226431897
2019-05-01 20:00:00,5381.9431676243467167,0.01202093421535015,1427.4861657740046,2443.434588963974,1635.2761747112172
2019-05-02 20:00:00,5635.6485024667460864,0.04714009920591343,1494.7780052436601,2558.618337890896,1712.3632558161705
2019-05-03 20:00:00,5708.2933732399418661,0.012890241600660194,1514.046054870604,2591.599546430189,1734.436031891734
2019-05-04 20:00:00,5738.5910929840923639,0.005307666891506313,1522.0821069882566,2605.35489353882,1743.6418405936415
2019-05-05 20:00:00,5672.0462685730603931,-0.011596021276439753,1504.4320104911324,2605.35489353882,1723.4225327116271
2019-05-06 20:00:00,5869.5386271841425516,0.03481853801251972,1556.8141336356691,2696.0695419356052,1723.4225327116271
2019-05-07 20:00:00,5859.7401787268212824,-0.0016693728552941475,1554.2152303802395,2696.0695419356052,1720.5454979173162
2019-05-08 20:00:00,6059.3280385642271786,0.034060871941385656,1607.1531563115723,2787.900021348544,1720.5454979173162
2019-05-09 20:00:00,6303.6226411814543337,0.04031711124772062,1671.9489289067112,2900.300096656776,1789.9129221636133
2019-05-10 20:00:00,6812.9388489854981748,0.0807973822031621,1807.038025539754,3134.6367520702215,1934.5332006460453
2019-05-11 20:00:00,7156.6114367594669417,0.05044410281550446,1898.1924374916075,3292.760690680911,2032.1189923194413
2019-05-12 20:00:00,7396.3179799093002366,0.033494419149067686,1961.7712906185418,3403.049797412151,2100.1836376089695
2019-05-13 20:00:00,7987.7503491780869311,0.07996308039693546,2118.640566050672,3675.168141957394,2268.120790671424
2019-05-14 20:00:00,8041.5821562958182182,0.006739295141249632,2132.918710123512,3699.936184759763,2283.4063260957632
2019-05-15 20:00:00,7995.4223108422200760,-0.005740144732272489,2120.675448025231,3699.936184759763,2270.299243301387
2019-05-16 20:00:00,7279.1828237232698779,-0.08958119524814728,1930.7028066577307,3699.936184759763,2270.299243301387
2019-05-17 20:00:00,7340.7367281480567565,0.00845615585092581,1947.0291304926482,3731.223421776571,2270.299243301387
2019-05-18 20:00:00,7920.3351958073467972,0.07895644389980916,2100.759626805685,4025.8275545557267,2449.553998140892
2019-05-19 20:00:00,7905.9767153932825568,-0.001812862720969855,2096.9512379925304,4025.8275545557267,2445.1132930146596
2019-05-20 20:00:00,7949.5882172269538409,0.005516269956722469,2108.5185871073804,4048.0351061458678,2445.1132930146596
2019-05-21 20:00:00,7894.7608184040427978,-0.006896885388868173,2093.976376071803,4048.0351061458678,2428.2496268699397
2019-05-22 20:00:00,7714.7049293737719809,-0.02280701001232738,2046.2190358971561,4048.0351061458678,2428.2496268699397
2019-05-23 20:00:00,7981.2220357252979996,0.034546636428926955,2116.9090209842443,4187.881103209422,2428.2496268699397
2019-05-24 20:00:00,8039.7327788204416730,0.007331050662823301,2132.4281882656674,4218.58267174693,2446.051247906505
2019-05-25 20:00:00,8123.8443544201040089,0.01046198647562539,2154.737623131545,4262.717426605054,2471.6418029807896
2019-05-26 20:00:00,8768.9183123878050623,0.07940501194077194,2325.834589825536,4601.198554764765,2667.9025498597903
2019-05-27 20:00:00,8716.2390835995104004,-0.006007494529157015,2311.862151251435,4601.198554764765,2651.8751398871836
2019-05-28 20:00:00,8647.9256393008930596,-0.007837490876903108,2293.7429527323443,4601.198554764765,2651.8751398871836
2019-05-29 20:00:00,8644.9552366806144490,-0.00034348151732236303,2292.9550944225925,4601.198554764765,2651.8751398871836
2019-05-30 20:00:00,8374.4361089062026262,-0.03129213747997186,2221.203628372519,4601.198554764765,2651.8751398871836
2019-05-31 20:00:00,8564.0180449298691694,0.022638173311997356,2271.487621072853,4705.361285090441,2651.8751398871836
2019-06-01 20:00:00,8686.7825960648771046,0.014334924388405201,2304.049224370131,4772.812283332341,2689.8895695049578
2019-06-02 20:00:00,8561.5391296141344474,-0.014417704721593616,2270.8301229891454,4772.812283332341,2651.1075359581405
2019-06-03 20:00:00,7891.0746753499820030,-0.07831120597756015,2092.9986774876943,4772.812283332341,2651.1075359581405
2019-06-04 20:00:00,7810.7391237237108558,-0.010180559040611017,2071.69078087961,4772.812283332341,2651.1075359581405
2019-06-05 20:00:00,7792.6159249330763826,-0.002320292420929542,2066.883852462225,4772.812283332341,2651.1075359581405
2019-06-06 20:00:00,7969.9392667316889010,0.022755303675528568,2113.9164221870496,4881.419076225862,2651.1075359581405
2019-06-07 20:00:00,7978.4359334759201880,0.0010660892711815665,2116.1700458049177,4886.623104731168,2653.933853258974
2019-06-08 20:00:00,7842.3303776983834677,-0.017059177627342402,2080.06992510387,4886.623104731168,2608.659924245012
2019-06-09 20:00:00,7846.3866836024775580,0.000517232213989518,2081.1458042764843,4889.15062361856,2608.659924245012
2019-06-10 20:00:00,7919.7888480333982228,0.009354900209585463,2100.6147155970884,4934.888139812144,2633.0636775170688
2019-06-11 20:00:00,8048.1915392145619984,0.016212893253214407,2134.6717577471954,5014.896954439472,2675.7532578495693
2019-06-12 20:00:00,8178.2210795522036964,0.016156367514872923,2169.1602991889786,5095.919472684613,2718.983710862505
2019-06-13 20:00:00,8367.0996266995735441,0.023095309519036898,2219.2577276951547,5213.611310190351,2781.7794812420943
2019-06-14 20:00:00,8729.9481687679151610,0.0433661075231475,2315.498296935959,5439.7053388519635,2902.4144293313243
2019-06-15 20:00:00,9082.8190341011343581,0.04042072856693964,2409.092425093618,5659.582191837831,3019.7321351680944
2019-06-16 20:00:00,9221.7764020927664955,0.015298925088116515,2445.9489496354745,5746.167715820796,3065.930790890209
2019-06-17 20:00:00,9159.3959893388359547,-0.00676446814951762,2429.403405870319,5746.167715820796,3045.191399706607
2019-06-18 20:00:00,9155.2843386678357774,-0.00044889976105261253,2428.3128472619233,5746.167715820796,3045.191399706607
2019-06-19 20:00:00,9361.0762867068543122,0.022477941746696584,2482.8963219854313,5875.329739003763,3045.191399706607
2019-06-20 20:00:00,9801.6998899927793192,0.04706975883869555,2599.7656530827694,6151.880092916486,3188.5278245084664
2019-06-21 20:00:00,10719.6848102141820684,0.09365568529175597,2843.248486920206,6728.038638851292,3487.151582984639
2019-06-22 20:00:00,10745.7116113220988348,0.0024279446241849867,2850.151736799246,6744.3739440958,3495.6181939242647
2019-06-23 20:00:00,10844.7245005954062974,0.00921417704612363,2876.413539510431,6806.517799681961,3527.827438848734
2019-06-24 20:00:00,11312.9454281937745028,0.043174995139126045,3000.60268009691,7100.389172597605,3680.1413713727034
2019-06-25 20:00:00,12669.3188157600507872,0.11989568907368407,3360.3620060634717,7951.69522513752,4121.3744569820055
2019-06-26 20:00:00,11844.5705543394265356,-0.06509807460166483,3141.6089095041516,7951.69522513752,3853.080915119995
2019-06-27 20:00:00,11722.6945286481035831,-0.010289611187859558,3109.2829753210385,7951.69522513752,3853.080915119995
2019-06-28 20:00:00,11891.9902603726622541,0.014441708031445386,3154.186332237769,8066.531285933994,3853.080915119995
2019-06-29 20:00:00,11585.4788423196908478,-0.025774610585946243,3072.8884078088263,8066.531285933994,3753.769254976636
2019-06-30 20:00:00,10730.8911507421363806,-0.07376369187744736,2846.2208141214364,8066.531285933994,3753.769254976636
2019-07-01 20:00:00,10331.6341326715371115,-0.03720632447594874,2740.323398981035,8066.531285933994,3753.769254976636
2019-07-02 20:00:00,11353.9099351147905371,0.09894618695512351,3011.467950334112,8864.683798631373,3753.769254976636
2019-07-03 20:00:00,11769.5078602821691873,0.036603947674627754,3121.6995656119607,9189.166220548597,3891.1720283684276
2019-07-04 20:00:00,11163.2579022320827456,-0.05151022160373931,2960.900129206992,9189.166220548597,3690.736894888898
2019-07-05 20:00:00,11423.5057764161149321,0.023312896330380122,3029.927286963804,9403.392300010877,3690.736894888898
2019-07-06 20:00:00,11324.5430431665528789,-0.008663079022017134,3003.6787874458705,9403.392300010877,3658.7637495190015
2019-07-07 20:00:00,11787.7094263232078051,0.04089934414052479,3126.527279861213,9787.984877777382,3658.7637495190015
2019-07-08 20:00:00,12501.2695815132149269,0.06053425049624582,3315.7892654036777,10380.493206222225,3880.2442708389685
2019-07-09 20:00:00,12649.3146359450127611,0.011842401563016067,3355.0561733829263,10503.423175192469,3926.1956816568363
2019-07-10 20:00:00,11605.4452355585227954,-0.0825237912432165,3078.184218121409,10503.423175192469,3602.1911288437695
2019-07-11 20:00:00,11603.6852763281520090,-0.0001516494365058766,3077.7174132192695,10503.423175192469,3602.1911288437695
2019-07-12 20:00:00,11463.9424797325766828,-0.01204296680474894,3040.6525645774723,10503.423175192469,3602.1911288437695
2019-07-13 20:00:00,10895.8599042977258370,-0.04955385779710432,2889.976499782,10503.423175192469,3602.1911288437695
2019-07-14 20:00:00,10450.2762426923047219,-0.040894767876894764,2771.7915816537343,10503.423175192469,3602.1911288437695
2019-07-15 20:00:00,10384.7300426537176345,-0.006272197836341793,2754.4063564924954,10503.423175192469,3602.1911288437695
2019-07-16 20:00:00,9596.1458322208468691,-0.07593690035213996,2545.245275470224,10503.423175192469,3602.1911288437695
2019-07-17 20:00:00,10067.8049747830851174,0.04915089357839414,2670.346355135772,11019.675809885193,3602.1911288437695
2019-07-18 20:00:00,10487.4592613145577358,0.04168279854273944,2781.653864296235,11479.006736674937,3752.3405359798076
2019-07-19 20:00:00,10689.0656592893457750,0.019223569117303843,2835.1271796169494,11699.674216075406,3824.473913624877
2019-07-20 20:00:00,10587.5608352864257851,-0.009496136260956358,2808.204425602166,11699.674216075406,3788.156188214622
2019-07-21 20:00:00,10468.2066641144659385,-0.011273056469642485,2776.5473785340528,11699.674216075406,3788.156188214622
2019-07-22 20:00:00,10095.3113430245173200,-0.03562170035945629,2677.642039782079,11699.674216075406,3788.156188214622
2019-07-23 20:00:00,9727.5162987235858942,-0.03643226363246982,2580.0894790753537,11699.674216075406,3788.156188214622
2019-07-24 20:00:00,10036.5541298176977241,0.03176944880931871,2662.0574997043,12071.36641716872,3788.156188214622
2019-07-25 20:00:00,9793.5348884379823824,-0.02421341410970201,2597.599999080122,12071.36641716872,3696.4319937171513
2019-07-26 20:00:00,9749.3149483800919540,-0.004515217494154764,2585.871270121459,12071.36641716872,3696.4319937171513
2019-07-27 20:00:00,9532.7237042602816574,-0.02221604751375876,2528.423431119977,12071.36641716872,3696.4319937171513
2019-07-28 20:00:00,9562.8791946216642317,0.0031633656126953983,2536.4217588563156,12109.552562591038,3696.4319937171513
2019-07-29 20:00:00,9567.0017607429627628,0.00043110093073411615,2537.5152126372927,12114.773001971544,3698.025528990038
2019-07-30 20:00:00,9871.3187728767420073,0.03180902645826899,2618.2311011743323,12500.132136927177,3815.6561208850358
2019-07-31 20:00:00,10090.4913714269312583,0.02220297040273948,2676.3636088212384,12777.672200793704,3900.3750208040783
2019-08-01 20:00:00,10474.4089716723178068,0.038047463311104826,2778.1924550350404,13263.830215054726,4048.774396307671
2019-08-02 20:00:00,10776.4933954161706428,0.028840235717435818,2858.3161803066528,13646.362204972951,4165.5420042639025
2019-08-03 20:00:00,10807.4224822371216368,0.0028700511090282723,2866.5196938298955,13685.527961953536,4177.497322712944
2019-08-04 20:00:00,11660.7319960263329155,0.07895587640732045,3092.8482684950786,14766.080816286467,4507.335285016979
2019-08-05 20:00:00,11753.2496360486600451,0.007934119406385096,3117.38729596315,14883.236664647216,4543.097021372916
2019-08-06 20:00:00,11702.8034046852528883,-0.004292109240042167,3104.0071291453564,14883.236664647216,4523.597552669074
2019-08-07 20:00:00,11799.4335568825568299,0.008257008928187029,3129.636943723866,15006.12768266753,4523.597552669074
2019-08-08 20:00:00,11819.4522311954105613,0.001696579265127151,3134.9466208699637,15031.586767743793,4531.272194480712
2019-08-09 20:00:00,11585.8484447945447472,-0.019764349635790053,3072.986439765551,15031.586767743793,4441.714546534061
2019-08-10 20:00:00,11377.1664882493293868,-0.01801179754245575,3017.636430161782,15031.586767743793,4441.714546534061
2019-08-11 20:00:00,11394.6225138869932343,0.0015343034362460563,3022.26640010592,15054.649782973773,4441.714546534061
2019-08-12 20:00:00,11146.3404441147997297,-0.02178940719357795,2956.4130068665436,15054.649782973773,4344.932219641992
2019-08-13 20:00:00,10452.5481692320469499,-0.062243951578661076,2772.394178820619,15054.649782973773,4344.932219641992
2019-08-14 20:00:00,10040.3549884837026578,-0.03943470760189067,2663.065625021644,15054.649782973773,4344.932219641992
2019-08-15 20:00:00,10250.7246875711059188,0.020952416456260507,2718.8632850474487,15370.08107482979,4344.932219641992
2019-08-16 20:00:00,10326.4001420389685280,0.007382449219382325,2738.9351551837544,15483.54991786251,4377.008461115157
2019-08-17 20:00:00,10327.0755509885728133,6.540604085781902e-05,2739.1142980884215,15484.562635561062,4377.2947439094
2019-08-18 20:00:00,10627.3444014501841647,0.02907588396919079,2818.7564675979916,15934.7899820663,4504.568457982257
2019-08-19 20:00:00,10761.9039900391191245,0.01266163808247095,2854.4465418333416,16136.550525739407,4561.603673514943
2019-08-20 20:00:00,10213.4516796856326822,-0.05096238647558247,2708.977133994541,16136.550525739407,4329.133464156837
2019-08-21 20:00:00,10065.4769507210445584,-0.01448821941938672,2669.7288788751266,16136.550525739407,4329.133464156837
2019-08-22 20:00:00,10274.1854154170397764,0.02073507949179147,2725.0859194001337,16471.143183613924,4329.133464156837
2019-08-23 20:00:00,10179.6173453762075661,-0.009204434825453597,2700.0030436612537,16471.143183613924,4289.2862373353155
2019-08-24 20:00:00,10128.7636063346117874,-0.004995643482089607,2686.514791054565,16471.143183613924,4289.2862373353155
2019-08-25 20:00:00,10358.6220382130021632,0.0226936318006902,2747.481568549866,16844.933242359308,4289.2862373353155
2019-08-26 20:00:00,10199.5921734302680369,-0.01535241504092641,2705.301091192193,16844.933242359308,4223.43533479041
2019-08-27 20:00:00,10074.3724152886728474,-0.01227693774539239,2672.088278113084,16844.933242359308,4223.43533479041
2019-08-28 20:00:00,9546.7027428830962692,-0.05237742368991592,2532.131178233497,16844.933242359308,4223.43533479041
2019-08-29 20:00:00,9567.7074921305186331,0.0022002098329793472,2537.7023981502402,16881.995630115027,4223.43533479041
2019-08-30 20:00:00,9625.9481675363395959,0.0060872132068966675,2553.149933703434,16984.759936873437,4249.1442861388205
2019-08-31 20:00:00,9648.6550266896698847,0.0023589218182068572,2559.1726147872005,17024.825657665537,4259.167685304103
2019-09-01 20:00:00,9947.6788207019578869,0.03099124107817534,2638.484550252735,17552.446133936155,4391.164577831736
2019-09-02 20:00:00,10513.5386716031343967,0.056883606829321344,2788.57106803455,18550.89257871182,4640.949857199959
2019-09-03 20:00:00,10563.4622545869587316,0.004748504242312452,2801.812609581102,18638.981570820517,4662.987427285233
2019-09-04 20:00:00,10572.4789089539354141,0.0008535699896178728,2804.204152741174,18654.89124612641,4666.96761341513
2019-09-05 20:00:00,10664.3626315439329827,0.00869083999895046,2828.57504235704,18817.017921144317,4707.527482223604
2019-09-06 20:00:00,10447.9519144891088475,-0.020292888054528987,2771.175085668654,18817.017921144317,4611.998154013222
2019-09-07 20:00:00,10496.8219845241068818,0.004677478460369416,2784.137197441781,18905.034117158855,4611.998154013222
2019-09-08 20:00:00,10328.9537520134018350,-0.015992291072307468,2739.612464995054,18905.034117158855,4538.241737109298
2019-09-09 20:00:00,10254.5668376469541296,-0.0072017859845627495,2719.882362341519,18905.034117158855,4538.241737109298
2019-09-10 20:00:00,10095.4233181312695758,-0.015519282485090533,2677.671739634126,18905.034117158855,4538.241737109298
2019-09-11 20:00:00,10248.4587735466018255,0.015158894341803472,2718.262282617273,19191.613531869058,4538.241737109298
2019-09-12 20:00:00,10331.7278987166410327,0.008125038799490001,2740.3482691307286,19347.546136440313,4575.115127304776
2019-09-13 20:00:00,10363.7754359439251523,0.003101856489200196,2748.8484361920005,19407.55944797373,4589.306477851244
2019-09-14 20:00:00,10346.9386016283072862,-0.0016245850192029509,2744.3826982025034,19407.55944797373,4581.850759298796
2019-09-15 20:00:00,10282.4262810828046462,-0.006234918658486237,2727.2716953114536,19407.55944797373,4581.850759298796
2019-09-16 20:00:00,10237.2288671400414881,-0.0043955981504009865,2715.2837048919014,19407.55944797373,4581.850759298796
2019-09-17 20:00:00,10215.5012430150048160,-0.0021224126574701206,2709.5207523880163,19407.55944797373,4581.850759298796
2019-09-18 20:00:00,10012.9364167443732947,-0.019829161727050768,2655.793227186114,19407.55944797373,4581.850759298796
2019-09-19 20:00:00,10197.7967069780923473,0.018462145622395225,2704.824868489395,19765.864636677514,4581.850759298796
2019-09-20 20:00:00,10081.3500563935175931,-0.011418804858591904,2673.939001139448,19765.864636677514,4529.531499587172
2019-09-21 20:00:00,10034.9177354230181378,-0.004605764179476421,2661.623468669895,19765.864636677514,4529.531499587172
2019-09-22 20:00:00,9917.2933638132529170,-0.01172150830838941,2630.4252270680768,19765.864636677514,4529.531499587172
2019-09-23 20:00:00,9459.9780858962221617,-0.04611291217679481,2509.128659584661,19765.864636677514,4529.531499587172
2019-09-24 20:00:00,8476.4826244953921721,-0.1039638202616042,2248.270058606361,19765.864636677514,4529.531499587172
2019-09-25 20:00:00,8285.4019263116372428,-0.022542451468203294,2197.5885399228127,19765.864636677514,4529.531499587172
2019-09-26 20:00:00,8070.4601810535652782,-0.02594222310151178,2140.57820773481,19765.864636677514,4529.531499587172
2019-09-27 20:00:00,8189.1395336881663247,0.014705400927844966,2172.0562684969577,20056.529600845366,4529.531499587172
2019-09-28 20:00:00,8128.0126610798821608,-0.0074643828398358765,2155.843208959231,20056.529600845366,4495.721342389158
2019-09-29 20:00:00,8115.6322707914805915,-0.0015231755663575812,2152.5594812584463,20056.529600845366,4495.721342389158
2019-09-30 20:00:00,8392.8002087954075812,0.034152352984433185,2226.074452482373,20741.50727941617,4495.721342389158
2019-10-01 20:00:00,8302.3617481284488736,-0.010775719475864837,2202.0868986500336,20741.50727941617,4447.2767103619135
2019-10-02 20:00:00,8297.2321254701397393,-0.0006178510180510211,2200.7263370178657,20741.50727941617,4447.2767103619135
2019-10-03 20:00:00,8193.9670180719726909,-0.01244572959230253,2173.336692120683,20741.50727941617,4447.2767103619135
2019-10-04 20:00:00,8163.5156635283243295,-0.003716314024267772,2165.2598904922993,20741.50727941617,4447.2767103619135
2019-10-05 20:00:00,8054.5144288418952186,-0.013352241752093185,2136.3488169783354,20741.50727941617,4447.2767103619135
2019-10-06 20:00:00,8088.1919083012879873,0.004181193013796023,2145.2813037269166,20828.231524748466,4447.2767103619135
2019-10-07 20:00:00,8234.9979559485173841,0.018150663252259905,2184.219582252233,21206.277741294278,4527.997732321311
2019-10-08 20:00:00,8353.1318639029777982,0.014345347574631274,2215.5529713389574,21510.489166257314,4592.953433608603
2019-10-09 20:00:00,8564.1495490173149235,0.025262103909340118,2271.5225007175695,22053.88937871604,4708.981100499183
2019-10-10 20:00:00,8416.6020563302647356,-0.017228504925393365,2232.387564125815,22053.88937871604,4627.852396415648
2019-10-11 20:00:00,8365.9233448591407007,-0.006021279268277618,2218.9457351671836,22053.88937871604,4627.852396415648
2019-10-12 20:00:00,8408.4460041605313683,0.00508284113402982,2230.2242838240713,22165.985794815522,4627.852396415648
2019-10-13 20:00:00,8332.1543496316712624,-0.009073216916789334,2209.9889751238443,22165.985794815522,4585.862887764086
2019-10-14 20:00:00,8300.6098398215823623,-0.003785876795655423,2201.6222291442687,22165.985794815522,4585.862887764086
2019-10-15 20:00:00,8106.3160807173216108,-0.023407166805039993,2150.0884903850047,22165.985794815522,4585.862887764086
2019-10-16 20:00:00,8070.0692095064411492,-0.004471435711358644,2140.474507926516,22165.985794815522,4585.862887764086
2019-10-17 20:00:00,8010.8949974499093798,-0.007332553230996555,2124.7793646575533,22165.985794815522,4585.862887764086
2019-10-18 20:00:00,8018.9668535982687631,0.0010076097802966435,2126.920313126355,22188.320458892296,4585.862887764086
